科室名,初步：未经筛选的词,,,,,
呼吸内科,肺炎衣原体感染、病毒性肺炎、急性呼吸窘迫综合征、农民肺、肺性脑病、goodpasture综合征、过敏性休克、支气管肺炎、军团病、慢性支气管炎、外源性过敏性肺泡炎、肺血吸虫病、卡氏肺孢子虫肺炎、喘息样支气管炎、非结核分枝杆菌病、肠球菌肺炎、胸膜炎、q热肺炎、运动诱发哮喘、肺炎杆菌肺炎、棉尘肺、先天性支气管囊肿、慢性呼吸衰竭、尿毒症肺炎、pancoast综合征、过度通气综合征、外源性变应性肺泡炎、急性间质性肺炎、肺炎克雷白杆菌肺炎、肺水肿、支气管扩张、特发性肺含铁血黄素沉着症、肺活量、职业性哮喘、乳汁吸入性肺炎、吸入性肺炎、大叶性肺炎、肺泡蛋白沉着症、支气管炎、睡眠呼吸暂停综合征、急性气管支气管炎、慢性阻塞性肺疾病、呼吸道合胞病毒肺炎、咽结膜热、巨细胞病毒性肺炎、中叶综合征、铝尘肺、肺念珠菌病、肺炎球菌肺炎、肺炎性假瘤、肺炎链球菌性肺炎、喉喑、老年人支气管哮喘、放射性肺炎、慢性纵隔炎、肺真菌病、过敏性肺炎、抗胰蛋白酶缺乏症、气管炎、闭锁肺综合征、急性支气管炎、哮喘持续状态、沙眼衣原体肺炎、急性肺脓肿、kartagener综合征、麻疹病毒肺炎、感冒、非典、军团菌肺炎、老年人慢性支气管炎、急性纵隔炎、肺栓塞、肺曲菌病、矽肺、呼吸衰竭、肺脓肿、肺大疱、休克型肺炎、月经性哮喘、sars、衣原体肺炎、石棉肺、腺病毒肺炎、特发性肺纤维化、急性细支气管炎、肺隐球菌病、肺炎链球菌败血症、厌氧菌肺炎、变形杆菌肺炎、胆固醇肺炎、流感嗜血杆菌肺炎、咳嗽晕厥综合征、鹦鹉热衣原体肺炎、细菌性肺炎、水痘肺炎、结核病、类脂性肺炎、结核性胸膜炎、多重肺部感染、肺放线菌病、肺囊性纤维化、支气管哮喘、肺芽生菌病、流感病毒肺炎、急性呼吸衰竭、卡氏肺囊虫肺炎、呼吸性细支气管相关的间质性肺疾病、肺炎衣原体肺炎、阻塞性肺气肿、肺不张、纵隔气肿、类肺炎性胸腔积液、甲型h1n1流感、曲霉球、疱疹性咽峡炎、气胸、脱屑性间质性肺炎、慢性咳嗽、成人呼吸窘迫综合征、大咯血、老年人肺炎、二手烟、金黄色葡萄球菌肺炎、支原体肺炎、呼吸道异物、卡氏肺囊虫病、肺气肿、黄杆菌肺炎、葡萄球菌肺炎、阻塞性睡眠呼吸暂停综合征、滑石粉尘肺、夜间哮喘、鼾症、病毒性支气管炎、腺病毒性肺炎、社会获得性肺炎、过敏性支气管肺曲霉病,,,,,
心血管内科,室性期前收缩、心脏横纹肌瘤、心绞痛、窦性心动过速、预激综合征、糖尿病心肌病、心包切开术后综合征、慢性肺源性心脏病、肾动脉狭窄、主动脉瓣关闭不全、动脉损伤、心动过速性心肌病、房室结折返性心动过速、缺血性心肌病、肺动脉高压、结核性心包炎、心肌病、心肌梗死、阵发性室上性心动过速、心源性休克、高原性心脏病、双侧束支传导阻滞、动脉硬化、非st段抬高心肌梗死、限制型心肌病、二尖瓣脱垂综合征、混合型慢性高原病、二尖瓣狭窄、房室折返性心动过速、永存动脉干、二度房室传导阻滞、药物性心肌病、左前分支传导阻滞、三房心、冠心病、过敏性血管炎、不稳定型心绞痛、动静脉瘘、非细菌性血栓性心内膜炎、尿毒症性心肌病、变异型心绞痛、急性心包炎、心房内传导阻滞、冠状动脉瘤、上腔静脉综合征、三尖瓣畸形、三尖瓣关闭不全、低血压、心室静止、血管神经性水肿、自律性房性心动过速、食管肿瘤、舒张性心力衰竭、梅毒性心血管病、亚急性感染性心内膜炎、高度房室传导阻滞、窦性停搏、肺血管炎、胆固醇、心脏神经症、房间隔缺损、慢性心包炎、稳定型心绞痛、心脏肿瘤、心力衰竭、三尖瓣闭锁、原发性肺动脉高压、感染性心内膜炎、无痛性心肌梗死、充血性心力衰竭、房性期前收缩、慢性心功能不全、原发性高血压、病态窦房结综合征、完全性房室传导阻滞、阵发性室性心动过速、恶性高血压、肾实质性高血压、网状青斑、三尖瓣狭窄、蚕豆病、查加斯病、窦房折返性心动过速、心律失常、手足发绀症、周围动脉栓塞、血管性痴呆、窦性心动过缓、颈动脉狭窄、急性感染性心内膜炎、难治性心力衰竭、高血压脑病、颞动脉炎、心室内传导阻滞、继发性高血压、三尖瓣下移畸形、尿毒症性心包炎、原发性直立性低血压、早期复极综合征、心房颤动、高脂蛋白血症、二尖瓣关闭不全、x综合征、期前收缩、肺动脉口狭窄、血管畸形、风湿性心脏病、乳头肌功能不全、酒精性心肌病、早搏、颈动脉窦综合征、动脉栓塞、二尖瓣环钙化、大动脉炎、心尖肥厚型心肌病、心房扑动、主动脉瓣闭锁不全、房室传导阻滞、心脏神经官能症、家族性高胆固醇血症、心肌炎、扩张型心肌病、左束支传导阻滞、高血压、窦房传导阻滞、门静脉高压症、病毒性心肌炎、心脏病、妊娠高血压疾病、右束支传导阻滞、肥厚型心肌病、先天性心脏病、冠状动脉粥样硬化性心脏病、老年人高血压、血管炎、特发性室性心动过速、动脉导管未闭、心包炎、窦性心律失常、急性心功能不全、主动脉瓣狭窄、马方综合征、联合瓣膜病变、克山病、下肢静脉血栓形成、左后分支传导阻滞、心肌桥、白喉性心肌炎,,,,,
消化内科,胰腺假性囊肿、富贵病、肝脓肿、门静脉高压、缺血性结肠炎、阿米巴痢疾、肠炎、肝纤维化、老年便秘、伪膜性肠炎、打嗝、原发性胆汁性肝硬化、胃内异物、恶心和呕吐、急性胃炎、慢性腹泻、隐孢子虫病、急性化脓性胃炎、胆汁性肝硬化、gardner综合征、先天性非溶血性黄疸、腹膜炎、类癌、上消化道出血、慢性胆囊炎、慢性溃疡性结肠炎、输入袢综合征、大肠息肉、急性单纯性胃炎、肝肺综合征、胆囊炎、热带口炎性腹泻、胃粘膜脱垂症、先天性肝囊肿、暴发性肝衰竭、慢性浅表性胃炎、蓝氏贾第鞭毛虫病、腹水、肝大、食管损伤、急性糜烂性胃炎、胃石症、神经性呕吐、蛋白丢失性胃肠病、溃疡性结肠炎、胃憩室、whipple病、大肠癌、萎缩性胃炎、维生素缺乏、真菌性肠炎、慢性胰腺炎、肿瘤性息肉、急性腐蚀性胃炎、肠梗阻、网膜炎、胃下垂、继发性腹膜炎、贲门失弛缓症、膈疝、急性胰腺炎、慢性胆管炎、心源性哮喘、溃疡病出血、胃黏膜脱垂、十二指肠炎、脾功能亢进、急性胆囊炎、食管炎、急性胃粘膜病变、吻合口溃疡、结肠黑变病、十二指肠憩室、十二指肠溃疡、消化性溃疡、结肠炎、放射性肠炎、半乳糖血症、胰腺肿瘤、心原性肝硬化、吸收不良综合征、乳糜泻、酒精性肝病、肝癌、急性胃肠炎、囊性纤维化、复发性溃疡、胃肠道功能紊乱、倾倒综合征、胰腺炎、胃泌素瘤、慢性胃炎、结肠扭转、溃疡病穿孔、胆管炎、结核性腹膜炎、脾大、胃炎、食管穿孔、功能性消化不良、原发性腹膜炎、应激性溃疡、消化道出血、急性便秘、糖尿病性胃轻瘫、食管结核、残胃癌、先天性食管狭窄、贾第虫病、阑尾炎、下消化道出血、自发性食管破裂、结肠瘘、十二指肠瘘、幽门梗阻、弥漫性食管痉挛、胃潴留、嗜酸细胞性胃肠炎、克罗恩病、反流性食管炎、慢性糜烂性胃炎、肠癌、吞咽困难、腹泻、腹膜间皮瘤、肠易激综合征、腹部肿块、药物性肝病、胃结核、胆汁性腹膜炎、膈下脓肿、移植物抗宿主病、结肠癌、胃肠炎、胆石症、肠瘘、慢性便秘、幽门螺杆菌感染、蜘蛛痣、胆道蛔虫病,,,,,
肾内科,多囊肾、慢性肾盂肾炎、肾炎、肾周围炎、间质性肾炎、梗阻性肾病、肾淀粉样变性、狼疮性肾炎、肝源性肾损害、高血压肾病、肾血管畸形与压迫、慢性肾小球肾炎、远端肾小管性酸中毒、肾髓质囊性病、先天性肾病综合征、近端肾小管性酸中毒、肾性失镁、紫癜性肾炎、肾性尿崩症、老年人急性肾功能衰竭、非特异性尿道炎、急进性肾小球肾炎、急性肾小管坏死、血尿、真菌性尿路感染、肾囊肿、肾虚、膀胱肿瘤、成人多囊肾、尿毒症、肾积水、膜性肾小球肾炎、薄肾小球基底膜病、输尿管损伤、肾小球硬化、肾小管性酸中毒、肾病综合征、支原体尿路感染、急性肾小球肾炎、肾功能衰竭、先天性肾上腺皮质增生症、缺血性肾脏病、肾血管性高血压、尿道炎、常染色体显性多囊肾、肾结核对侧肾积水、蹄铁形肾、微小病变型肾病、肾静脉血栓、急性风湿热肾损害、膜增生性肾小球肾炎、脂肪营养不良、膀胱颈挛缩、肾盂肾炎、梗阻性尿路疾病、非iga系膜增生性肾炎、肾盂肿瘤、急性肾盂肾炎、失盐性肾炎、肾发育不全、抗菌药中毒性肾病、肾结核、恶性高血压性小动脉性肾硬化、肾皮质化脓性感染、家族性出血性肾炎、急性肾功能衰竭、软化斑、尿崩症、遗尿症、慢性肾功能衰竭、ii型肾小管性酸中毒、局灶性节段性肾小球硬化、囊性肾病、间质性膀胱炎、肾髓质坏死、神经源性膀胱、老年人肾病综合征、肾脏损伤、肾及输尿管重复畸形、脂蛋白肾小球病、阴茎纤维性海绵体炎、肾动脉闭塞、巴特综合征、镇痛剂肾病、黄色肉芽肿性肾盂肾炎、特发性尿钙增多症、造影剂肾病、肾移植、隐匿性肾小球肾炎、范可尼综合征、肾性氨基酸尿、海洛因肾脏病、尿失禁、糖尿病肾病、中毒性肾病,,,,,
神经内科,反射、多发性神经炎、运动障碍疾病、迷走神经损伤、周围神经病损、无汗症、失用症、枕大神经痛、僵人综合征、股神经损伤、腓总神经损害、紧张性头痛、面肌瘫痪、小舞蹈病、戒酒综合征、遗传性感觉神经病、颅内静脉血栓形成、神经性肌强直、脊髓压迫症、运动神经元病、著痹、电脑病、脊髓血管病、桡神经麻痹、神经衰弱、酒中毒性痴呆、多发性硬化、重症肌无力、进行性核上性麻痹、不随意运动、脑动脉硬化症、蛛网膜炎、遗传性痉挛性截瘫、三叉神经痛、淋巴细胞性脉络丛脑膜炎、加利福尼亚脑炎、血管性帕金森综合征、步态异常、原发性阿米巴脑膜脑炎、帕金森、韦尼克脑病、周围神经炎、纹状体黑质变性、神经炎、副神经损伤、言语障碍、脑型疟疾、肝性脊髓病、脊神经根炎、金黄色葡萄球菌脑膜炎、老年性舞蹈病、脊髓亚急性联合变性、智能障碍、股外侧皮神经炎、雷诺综合征、舌下神经损伤、视神经脊髓炎、亚急性联合变性、脑桥中央髓鞘溶解症、脊髓空洞症、进行性延髓麻痹、腔隙性脑梗死、迟发性运动障碍、poems综合征、颅内低压综合征、难治性癫痫、面肌痉挛、硬化症、糖尿病性神经病、智力低下、周期性瘫痪、手足徐动症、原发性癫痫、全面性发作、肌营养不良症、烟雾病、脑型肺吸虫病、病毒性脑膜炎、正中神经损伤、皮肌炎、共济失调、遗传性共济失调、前庭神经元炎、癫痫持续状态、无症状性脑梗死、眼球运动障碍、脑脓肿、视神经病变、酒精性脑萎缩、肝豆状核变性、线粒体脑肌病、直立性低血压、脊髓缺血、结节性硬化病、结节性硬化症、肌张力障碍综合征、结核性脊髓炎、末梢神经炎、失认症、慢性进行性舞蹈病、昏厥、多系统萎缩、放射性脊髓病、线粒体病、脊髓内出血、肌病、舌咽神经损伤、老年痴呆、坐骨神经痛、出血性脑梗死、肌萎缩侧索硬化症、臂丛神经痛、周期性麻痹、膈肌麻痹、结核性脑膜炎、急性化脓性脑膜炎、急性脊髓炎、脑梗死、脊髓前动脉综合征、喉返神经损伤、面神经炎、睡眠、面部偏侧萎缩、红斑性肢痛症、短暂性脑缺血发作、进行性脊肌萎缩症、植物神经功能紊乱、椎管狭窄症、喉上神经损伤、新型隐球菌性脑膜炎、书写痉挛、脊髓性肌萎缩、丛集性头痛、腓骨肌萎缩症、脑膜炎球菌性脑膜炎、异染性脑白质营养不良、神经症、舌咽神经痛、神经病、特发性震颤、神经梅毒、面瘫、急性横贯性脊髓炎,,,,,
内分泌科,急性甲状腺炎、下丘脑疾病、碘源性甲亢、毒性弥漫性甲状腺肿、血卟啉病、甲亢性心脏病、糖尿病乳酸性酸中毒、高渗性非酮症糖尿病昏迷、肾性糖尿、卵巢过度刺激综合征、高钙血症肾病、脚气病、放射性甲状腺炎、肾上腺皮质功能减退症、纳尔逊综合征、醛固酮缺乏症、淋巴管炎、代谢性白内障、高渗性非酮症高血糖昏迷、内分泌失调、甲状旁腺危象、四肢淋巴水肿、亚急性甲状腺炎、糖尿病、下丘脑综合征、女性性早熟、肾上腺髓质增生、单纯性肥胖、痛风和高尿酸血症、糖尿病性肾病、糖原贮积病、垂体卒中、毒性结节性甲状腺肿、慢性淋巴细胞性甲状腺炎、血色病、乳溢、ii型糖尿病、性早熟、甲亢、抗利尿激素分泌异常综合征、颈淋巴结结核、无功能性甲状旁腺囊肿、泌乳素瘤、腮腺炎、腺样体肥大、肾上腺危象、闭经溢乳综合征、干燥综合征神经系统损害、地方性克汀病、异位acth综合征、高血压危象、睾丸女性化、原发性肾上腺皮质功能减退症、糖尿病足、男性性早熟、无功能垂体腺瘤、亚临床甲状腺功能减退症、黄瘤、无痛性甲状腺炎、自主性高功能性甲状腺腺瘤、肢端肥大症、糖尿病性视网膜病变、自身免疫性甲状腺疾病相关肾病、糖尿病和高血压、甲状腺功能减退、激素、肥胖性生殖无能综合征、烟酸缺乏、垂体瘤、甲状旁腺功能减退症、急性放射性甲状腺炎、肥胖症、胫前黏液水肿、低血糖综合征、嗜铬细胞瘤、慢性纤维性甲状腺炎、低钙血症、生长激素缺乏症、淋巴水肿、高血脂、地方性甲状腺肿、高尿酸血症肾病、粘多糖沉积病、高碘性甲状腺肿、老年人糖尿病、克兰费尔特综合征、产后甲状腺炎、原发性醛固酮增多症、甲状腺炎、亚临床型克汀病、亚临床甲状腺功能亢进、巨人症与肢端肥大症、巨人症、慢性自身免疫性甲状腺炎、戈谢病、催乳素瘤、慢性淋巴结炎、内分泌性肌病、妊娠期甲状腺功能亢进、糖尿病酮症酸中毒、男子乳腺发育、高钙血症、库欣综合征、丹吉尔病、结节性甲状腺肿、甲状腺腺瘤、继发性甲状旁腺功能亢进症、乳酸酸中毒、松果体瘤、急性化脓性甲状腺炎、糖尿病心脏病、单纯性甲状腺肿、原发性甲状旁腺功能亢进症、低血糖、假性甲状旁腺功能减退症、graves病,,,,,
血液科,播散性血管内凝血、绿色瘤、血友病、低渗性脱水、慢性淋巴细胞性白血病、高渗性脱水、粒细胞缺乏症、新生儿溶血病、脾功能亢进、过敏性休克、维生素e缺乏病、特发性血小板减少性紫癜、血栓性血小板减少性紫癜、暴发性紫癜、新生儿低钙血症、败血症、贫血、大肠恶性淋巴瘤、骨髓纤维化、皮肤白血病、恶性淋巴瘤、老年性紫癜、代谢性酸中毒、真性红细胞增多症、遗传性椭圆形红细胞增多症、浆细胞白血病、迪格奥尔格综合征、代谢性碱中毒、霍奇金病、单核细胞白血病、链杆菌病、下肢静脉曲张、传染性淋巴细胞增多症、急性淋巴细胞白血病、呼吸性碱中毒、血管性血友病、上腔静脉综合征、镰状细胞贫血、继发性红细胞增多症、溶血性贫血、闭塞性动脉硬化、多发性骨髓瘤、感染性休克、复合型酸碱失衡、先天性白血病、丙酮酸激酶缺乏症、重链病、淀粉样变性、镁缺乏症、巨幼细胞性贫血、传染性单核细胞增多症、白血病、急性早幼粒细胞白血病、新生儿失血性贫血、低钠血症、低钾血症、血小板减少性紫癜、血小板无力症、高钠血症、等渗性脱水、高钾血症、中毒性高铁血红蛋白血症、自身免疫性溶血性贫血、急性白血病、化脓性骨髓炎、直立性低血压、异常血红蛋白病、呼吸性酸中毒、巨球蛋白血症、失血性休克、慢性淋巴细胞白血病、淋巴癌、骨髓增生异常综合征、炭疽、遗传性出血性毛细血管扩张症、弥散性血管内凝血、慢性粒细胞性白血病、毛细血管扩张性环状紫癜、溶血尿毒综合征、新生儿败血症、血栓形成、原发性血小板增多症、高镁血症、小儿缺铁性贫血、接合菌病、妊娠合并白血病、恶性组织细胞病、过敏性紫癜、锌缺乏病、再生障碍性贫血、缺铁性贫血、抗胰蛋白酶缺乏症、慢性骨髓炎、急性淋巴细胞性白血病、菌血症、肥大细胞白血病,,,,,
风湿科,reiter综合征、巨细胞动脉炎、红斑狼疮、黏多糖贮积症、寒冷性脂膜炎、高尿酸血症、慢性皮肤粘膜念珠菌病、狼疮样综合征、血栓性静脉炎、慢性黏膜皮肤念珠菌病、巨细胞动脉炎和风湿性多肌痛、系统性红斑狼疮、poncet综合征、皮肤白细胞破碎性血管炎、急性化脓性关节炎、纤维化综合征、强直性脊柱炎、急性淋巴管炎、狼疮肾炎、纤维肌痛综合征、组织细胞吞噬性脂膜炎、结节病、风湿性舞蹈病、抗体免疫缺陷病、色素性紫癜性苔藓样皮病、踝关节扭伤、碱性磷酸钙结晶沉积病、未分化结缔组织病、多发性肌炎、老年人骨关节炎、慢性肉芽肿病、赖特综合征、费尔蒂综合征、过敏性哮喘、遗传性高尿酸血症、甘露糖苷贮积症、肩关节结核、风湿性边缘性红斑、显微镜下多血管炎、家族性地中海热、结节性脂膜炎、类风湿性关节炎、二水焦磷酸钙结晶沉积症、骨关节炎、抗磷脂抗体综合征、系统性血管炎、过敏性血管炎和肉芽肿病、肥大细胞增多症、荨麻疹和血管性水肿、多发性大动脉炎、盘状红斑狼疮、复发性风湿病、银屑病关节炎、淀粉样变病、混合结缔组织病、遗传性血管性水肿、布氏杆菌性关节炎、严重联合免疫缺陷病、网状青斑和青斑性血管炎、大骨节病、白塞病、亚急性皮肤红斑狼疮、硬皮病、韦格内肉芽肿、血清病、风湿性关节炎、节段性透明性血管炎、成人still病、风湿性多肌痛、结节性多动脉炎、淀粉样变性周围神经病、重叠综合征、弹性假黄瘤、药物性狼疮、斯蒂尔病、硬肿症、干燥综合征、急性淋巴结炎、岩藻糖苷贮积症、成人斯蒂尔病、风湿热、药物过敏、混合性结缔组织病、联合免疫缺陷病、吞噬功能缺陷病、多中心性网状组织细胞增生症、皮肤黏膜淋巴结综合征、韦格纳肉芽肿、痛风性关节炎、嗜酸性筋膜炎,,,,,
心胸外科,急性心肌梗死、心脏穿透伤、腹主动脉动脉瘤破裂、肋骨骨折、食管失弛缓症、心内膜炎、胸腺癌、炎症性腹主动脉瘤、胸廓出口综合征、肺动脉发育不全、房室管畸形、血胸、肺错构瘤、肺动静脉瘤、肺包虫病、血管畸形引起的吞咽困难、胸壁皮下气肿、膈肌膨出、肺癌、肺栓塞和肺梗死、乳糜胸、肥厚型梗阻性心肌病、猝死、先天性肺囊肿、创伤性窒息、食管破裂、神经鞘源性肿瘤、心包囊肿、胸腺瘤、食管憩室、先天性胸腺发育不全、胸主动脉夹层动脉瘤、膈下食管憩室、肺棘球蚴病、慢性缩窄性心包炎、胸壁结核、单心房、胸腺小细胞癌、室性心动过速、纵隔炎、慢性脓胸、军刀综合征、先天性主动脉缩窄、心包积液、感染性腹主动脉瘤、弥漫性胸膜间皮瘤、局限性胸膜间皮瘤、食管瘢痕性狭窄、纵隔霍奇金淋巴瘤、创伤性气胸、气管梗阻、张力性气胸、先天性短食管、结核性脓胸、支气管源性囊肿、外伤性乳糜胸、气管食管瘘、外伤性食管穿孔、胸内甲状腺肿、肺损伤、开放性气胸、纵隔畸胎瘤、主动脉夹层、自发性血胸、急性脓胸、肺大泡、房性心动过速、自发性气胸、心包肿瘤、创伤性血胸、脓胸、胸腺囊肿、缩窄性心包炎、胸降主动脉动脉瘤、肺隔离症、弥漫性食管壁内憩室、经膈肌肋间疝、先天性主动脉弓畸形、空气栓塞、先天性食管闭锁、恶性胸腔积液、食管裂孔疝、胸骨骨折、右心室双出口、风湿性二尖瓣狭窄、胸导管损伤、胸腺类癌、单心室、创伤性膈疝、肋骨骨髓炎、法乐四联症、咽食管憩室、慢性心力衰竭、纵隔囊肿、单侧肺气肿、胸骨骨髓炎、胸骨裂、食管念珠菌感染、先天性膈疝、闭合性气胸、纵隔疝、先天性肺发育不全、急性心力衰竭、风湿性二尖瓣关闭不全、胸腔积液、漏斗胸、支气管发育不全、胸部放线菌病、转移性胸膜肿瘤、肺爆震伤,,,,,
脑外科,正常颅压脑积水、颞叶癫痫、副肿瘤性小脑变性、脑膜肉瘤、高血压脑出血、蝶骨嵴脑膜瘤、迁延性昏迷、脑病、副肿瘤性边缘系统脑炎、颅骨骨瘤、面神经损伤、脑室内脑膜瘤、脑缺血性疾病、脑瘤、颅后窝血肿、高颅压性脑积水、基底节血肿、头皮损伤、脑外伤、脑梗塞、脊髓血管畸形、化脓性脑膜炎、鞍结节脑膜瘤、外伤后颅内积气、小脑幕脑膜瘤、颅骨骨髓炎、恶性脑膜瘤、颅骨缺损、嗅沟脑膜瘤、外伤性脑脓肿、小脑扁桃体下疝、外伤后脑脂肪栓塞、急性和亚急性硬脑膜下血肿、脑棘球蚴病、颈椎椎弓裂、脊髓小脑变性症、蝶窦恶性肿瘤、周围神经损伤、颈椎黄韧带骨化症、急性硬脑膜外血肿、急性硬脑膜下血肿、蛛网膜下腔出血、脊髓栓系综合征、先天性脑积水、脑血栓、自发性脑室内出血、脊髓神经鞘瘤、硬脑膜外血肿、急性单纯疱疹病毒性脑炎、小儿脑积水、高血压性脑出血、颅底骨折、颈椎结核、顶叶肿瘤、脑室内出血、颅骨结核、矢状窦旁脑膜瘤、创伤性枢椎前滑脱、脑疝、脑外伤后综合征、颈椎过伸性损伤、脊柱裂、中风、颈椎管狭窄症、表皮囊肿、脊膜瘤、髓母细胞瘤、脉络丛乳头状瘤、脑震荡、硬脑膜外脓肿、外伤性脑积水、胶质母细胞瘤、脑出血、面肌抽搐、皮样表皮样囊肿、脊髓蛛网膜炎、脑膜炎、脑血吸虫病、短颈畸形、脑损伤后综合征、慢性硬脑膜外血肿、脑干损伤、小脑扁桃体下疝畸形、颅中窝脑膜瘤、脊髓内脓肿、外伤性颈内动脉海绵窦瘘、硬脑膜动静脉畸形、脑囊虫病、脑膨出、垂体腺瘤、枕骨大孔脑膜瘤、颅底凹陷症、颈椎骨折脱位、椎管内结核瘤、脑血栓形成、痉挛性脑瘫、脑性瘫痪、外伤性癫痫、脑室炎、火器性颅脑损伤、丘脑下部损伤、扭转痉挛、自发性蛛网膜下腔出血、进行性多灶性白质脑病、第四脑室肿瘤、颈椎后纵韧带骨化症、硬脊膜外脓肿、脑脊液漏、颅内生殖细胞瘤、脑型血吸虫病、颅脑先天畸形、硬脑膜下脓肿、皮肤脑膜瘤、上皮样囊肿、急性脑内血肿、脑干肿瘤、头皮血肿、颅内脊索瘤、脑静脉畸形、皮脂腺囊肿、松果体细胞瘤、脑蛛网膜炎、多发性脑膜瘤、神经胶质瘤、帽状腱膜下脓肿、颅骨巨细胞瘤、亚急性硬膜外血肿、脑栓塞、慢性硬脑膜下血肿、颈椎后脱位、大脑凸面脑膜瘤、硬脑膜下血肿、脑挫裂伤、硬脊膜下脓肿、隐性脊柱裂、脑积水,,,,,
肝胆外科,非寄生虫性肝囊肿、原发性硬化性胆管炎、肝母细胞瘤、肝脏外伤、胰腺瘘、先天性胆管囊状扩张、慢性肝炎、肝损伤、急性化脓性胆管炎、肝包虫病、急性梗阻性化脓性胆管炎、肝海绵状血管瘤、肝脏局灶性结节性增生、胆囊息肉、环状胰腺、肝动脉瘤、老年人急性胰腺炎、胆囊类癌、胆囊良性肿瘤、细菌性肝脓肿、胆结石、胆道出血、肝上皮样血管内皮细胞瘤、门静脉血栓形成、胆囊结石、胰高血糖素瘤、肝胆管结石、胰腺脓肿、肝血管瘤、急性出血坏死型胰腺炎、胆总管结石、先天性肝内胆管囊状扩张症、胰腺外伤、医源性胆管损伤、肝动脉闭塞、胆囊管综合征、营养不良性肝硬化、肝血管肉瘤、肝脏炎性假瘤、肝囊肿、先天性肝纤维化、肝包虫囊肿、肝小静脉闭塞症、肝错构瘤、胰腺肉瘤、胰腺异位、胆囊癌、异位胰腺、胰腺囊肿、转移性肝癌,,,,,
泌尿外科,尿路软斑症、双重输尿管、双侧肾缺如、出血性膀胱炎、先天性巨尿道症、肾结石、膀胱平滑肌肉瘤、单纯性肾囊肿、膀胱外翻、膀胱瘘、泌尿道肿瘤、肾盏积水、肾动静脉瘘、肾周脓肿、前列腺脓肿、精囊恶性肿瘤、输尿管结石、膀胱损伤、泄殖腔外翻、肾皮质脓肿、脐尿管瘘、老年人前列腺癌、膀胱输尿管反流、输尿管脱垂、肾下垂、尿道狭窄、嗜酸性粒细胞性膀胱炎、膀胱鳞状细胞癌、膀胱腺癌、肾错构瘤、膀胱结石、尿路梗阻、重复膀胱、先天性前尿道瓣膜、慢性膀胱炎、肾旋转异常、后尿道瓣膜、尿道憩室、阴茎结核、先天性后尿道瘘、压力性尿失禁、乳糜尿、气性膀胱炎、男假两性畸形、脐尿管囊肿、肾盂输尿管连接部梗阻、老年人尿失禁、胸内肾、尿道下裂、鞘膜积液、尿道损伤、肾动脉瘤、单侧肾缺如、下腔静脉后输尿管、输尿管异位开口、尿道综合征、肾小球肾炎、膀胱脱垂、额外肾、阴茎阴囊象皮肿、老年人前列腺增生症、输尿管结核、阴茎硬结症、膀胱移行细胞癌、膀胱炎、尿道结石、重复尿道、腹股沟疝、膀胱憩室、先天性巨输尿管、先天性膀胱颈挛缩、尿瘘、阴囊癌、膀胱白斑病、输尿管瓣膜、肾盏憩室、尿路感染、阴囊炎性癌、输尿管炎、精索恶性肿瘤、输尿管肿瘤、前列腺增生、肾积脓、肾损伤、膀胱嗜铬细胞瘤、尿道上裂、肾钙乳、真两性畸形、射精功能障碍、膀胱尿道异物、阴囊丝虫病、急性尿道综合征、尿道结核、急性膀胱炎、膀胱结核,,,,,
肛肠外科,肛乳头炎、肛门瘙痒症、肛瘘、腹股沟直疝、腹内疝、直肠重复畸形、骨盆直肠脓肿、结肠破裂、直肠闭锁、切口疝、耻骨直肠肌综合征、粪瘘、鞭虫病、会阴下降综合征、先天性直肠肛门畸形、直肠息肉、肛门直肠周围脓肿、肛周脓肿、藏毛性疾病、直肠内套叠、乳头状腺瘤、混合痔、直肠损伤、结肠息肉、肛窦炎、家族性结肠息肉、直肠内异物、直肠脱垂、先天性肛门直肠畸形、直肠前突、腹股沟斜疝、结肠过敏症、直肠膨出、大便失禁、肛管直肠周围脓肿、成人脐疝、直肠阴道瘘、痔疮、腹膜后血肿、肛门闭锁、肛门失禁、粪类圆线虫病、急性出血性坏死性小肠炎、化脓性汗腺炎、肠风、白线疝,,,,,
骨科,先天性马蹄内翻足、髓内肿瘤、先天性肌性斜颈、斜颈、肌张力异常、骶髂关节结核、色素沉着绒毛结节性滑膜炎、肱骨干骨折、拇外翻、肘外翻畸形、畸形性骨炎、椎间隙感染、膝关节半月板损伤、腕关节结核、股骨头骨折、高弓足、寰枢椎脱位、跟骨骨髓炎、锁骨骨折、缺血性坏死、不安腿综合征、腱鞘囊肿、肱骨骨折、成骨不全、颞骨骨折、指骨骨折、尺骨鹰嘴骨折、反应性关节炎、胫骨平台骨折、神经性关节病、腱鞘炎、先天性高肩胛症、鼠标手、脊髓灰质炎、骨化性肌炎、关节脱位、骨髓炎、颈肋、颈椎病、股骨干骨折、髋关节结核、周围性软骨肉瘤、骨疣、先天性髋脱位、化脓性关节炎、创伤性关节炎、复发性多软骨炎、脊柱侧凸、踝关节骨折、桡骨骨折、髋关节脱位、半椎体畸形、肩关节脱位、褐黄病、半月板损伤、骨与关节结核、特发性脊柱侧凸、筋膜炎、软骨发育不全、股骨头坏死、股骨髁骨折、先天性髋关节脱位、色素绒毛结节性滑膜炎、骨软骨病、急性血源性骨髓炎、骶骨骨折、痉挛性斜颈、肱骨髁上骨折、维生素d依赖性佝偻病、佝偻病、纤维性骨炎、筋膜间隔区综合征、桡骨下端骨折、单发性骨软骨瘤、腕舟骨骨折、鼻骨骨折、颈椎间盘突出症、神经根型颈椎病、股骨转子下骨折、腓总神经损伤、骨盆骨折、踝部骨折、肋软骨炎、桡骨远端骨折、肱骨内上髁骨折、脊髓型颈椎病、颌骨骨折、梨状肌综合征、扁平足、股骨颈骨折、骨炎、臂丛神经损伤、骨样骨瘤、肘关节脱位、髌骨骨折、感染性关节炎、慢性腰背痛、股骨骨折、下尺桡关节脱位、网球肘、肩关节周围炎、动脉瘤样骨囊肿、滑囊炎、颈椎脱位、骨关节病、多指畸形、肘外翻、慢性化脓性骨髓炎、胫骨骨折、急性腰扭伤、椎间盘突出症、变形性骨炎、髌骨软化症、跖骨骨折、骨质增生、肥大性脊椎炎、胫腓骨干骨折、髋关节后脱位、腰椎间盘突出、股骨髁上骨折、脊椎结核、肩周炎、坐骨神经损伤、踝关节结核、骨囊肿、颧骨骨折、肱骨外科颈骨折、坏死性筋膜炎、耻骨结核、先天性脊柱侧凸、髋臼骨折、舟骨骨折、胫腓骨骨折、骨质疏松、脊柱炎、肥大性骨关节病、骨膜炎、肱骨外髁骨折、化脓性腱鞘炎、桡神经损伤、硬化性骨髓炎、椎动脉型颈椎病、膝关节结核、肘关节结核、灼性神经痛,,,,,
外伤科,脐膨出、手掌深部间隙感染、电击伤、颅骨骨折、肋骨骨折、胸骨骨折、气性坏疽、腰腿痛、感染性休克、血胸、喉部创伤、创伤性气胸、败血症、创伤性休克、迷路震荡、鼓膜外伤、创伤性窒息、失血性休克、腰疝、头皮损伤、头皮血肿、挤压综合征、鼻疖、开放性手外伤、指骨骨折、尺神经损伤、爆震性耳聋、脓性指头炎、肺爆震伤,,,,,
烧伤科,化学烧伤、烧伤休克、烧伤感染、手掌深部间隙感染、应激性溃疡、冻伤、烧伤、冻僵、吸入性损伤、电烧伤,,,,,
乳腺外科,绝经期乳腺癌、乳腺癌肉瘤、乳腺纤维肉瘤、乳腺增生、老年人乳腺癌、乳腺结核、外伤性乳房脂肪坏死、乳腺错构瘤、乳房导管内乳头状瘤、多乳房、乳头的乳头状瘤、乳腺纤维腺瘤、产褥期乳腺炎、湿疹样癌、乳头内陷、乳管内乳头状瘤、副乳乳腺癌、乳腺叶状囊肉瘤、乳头皲裂、乳腺癌、乳腺囊性增生症、乳房纤维瘤、乳腺湿疹样癌、急性乳腺炎、乳腺脂肪肉瘤、乳房结核、早期乳腺癌、乳房丝虫病,,,,,
手外科,月骨脱位、月骨周围脱位、拇指掌指关节尺侧侧副韧带损伤、手部神经损伤、滑囊炎,,,,,
肠胃外科,乙状结肠扭转、小肠重复畸形、小肠血管畸形、盆底腹膜疝、闭孔疝、复发性腹股沟疝、腹腔室隔综合征、肠扭转、小网膜囊疝、结肠憩室病、脾良性肿瘤、小肠扭转、胃良性肿瘤、膈上食管憩室、脾脏原发性恶性肿瘤、盲肠旁疝、胃扭转、脐疝、半月线疝、小肠脂肪瘤、小肠平滑肌瘤、胃癌、老年人急腹症、腰疝、胃息肉、结肠血管扩张症、成人腹股沟斜疝、脾囊肿、结直肠血管瘤、盲肠扭转、造口旁疝、外伤性脾破裂、短肠综合征、急性胃扩张、胰瘘、大网膜囊肿、腹壁硬纤维瘤、腹膜后脓肿、脾动脉瘤、小肠纤维瘤、胃溃疡、胃畸胎瘤、先天性肥厚性幽门狭窄、食管壁内憩室、粘液癌、急性肠系膜淋巴结炎、先天性肠旋转不良、脾破裂、肠结、坐骨疝、腹壁间疝、乳糜腹、主动脉肠道瘘、肠系膜裂孔疝、小肠原发性恶性淋巴瘤、腹茧症、食管内异物、原发性十二指肠恶性淋巴瘤、胃隔膜、十二指肠内瘘、异位急性阑尾炎、麻痹性肠梗阻、食管重复畸形、胃损伤、腹膜后纤维化、食管息肉、股疝、胃溃疡出血、胰腺囊腺瘤和囊腺癌、先天性肠闭锁、胆石性肠梗阻、乙状结肠间疝、肛管损伤、食管中段憩室、先天性胸腹裂孔疝、小肠腺瘤、肠套叠、嵌顿性腹股沟斜疝、乙状结肠造口旁沟疝、先天性十二指肠闭锁、膀胱上内疝、结肠类癌、肠系膜囊肿、横结肠扭转、胡桃夹食管、胆肠内引流术后内疝、十二指肠外瘘、胃平滑肌肉瘤、原发性腹膜癌、十二指肠旁疝、淋球菌性腹膜炎、胃脂肪瘤、新生儿胃穿孔、结肠平滑肌瘤、胃神经纤维瘤、吞入异物、非闭塞性肠系膜血管缺血、胃食管反流病、十二指肠先天性狭窄、慢性阑尾炎、痉挛性肠梗阻、急性肠系膜上静脉血栓形成、老年人急性阑尾炎、急性阑尾炎、十二指肠损伤、小肠血管瘤、梅克尔憩室、残胃平滑肌肉瘤、假性肠梗阻、结直肠损伤、老年人胃癌、胃穿孔、胃恶性淋巴瘤、十二指肠重复畸形、会阴疝、假膜性肠炎、脾脏转移性肿瘤、腹股沟滑动疝、贲门黏膜撕裂综合征、先天性短结肠、肠石性肠梗阻、大网膜粘连综合征、蛔虫性肠梗阻、环咽肌失弛缓症,,,,,
血管外科,脊髓海绵状血管瘤、腘动脉瘤、先天性血管瘤、腹主动脉瘤、上肢深静脉血栓形成、腘动脉损伤、四肢血管损伤、后天性动静脉瘘、肠系膜上动脉血栓形成、静脉血栓形成、腹主动脉腔静脉瘘、毛细血管扩张综合征、闭塞性血栓性脉管炎、肠系膜动脉瘤、腹部大血管损伤、股动脉损伤、胸主动脉瘤、髂静脉压迫综合征、原发性下肢深静脉瓣膜关闭不全、单纯性下肢静脉曲张、静脉炎、脑动静脉畸形、血管损伤、下肢动脉硬化闭塞症、腹壁血栓性静脉炎、变应性血管炎、腹腔干动脉瘤、颈部血管损伤、静脉曲张综合征、血栓性浅静脉炎、肾动脉栓塞、急性动脉栓塞、动脉炎、下肢深静脉血栓形成、静脉瘤、锁骨下动脉盗血综合征、直接型颈动脉海绵窦瘘、血管瘤、外伤后颈内动脉闭塞、腘血管陷迫综合征、血管肉瘤、血管活性肠肽瘤、脊髓前中央动脉缺血症候群、颈静脉球瘤、血管网织细胞瘤、先天性动静脉瘘、坏疽性脓皮症、先天性肺动静脉瘘、股动脉瘤、血栓闭塞性脉管炎、泛发性特发性毛细血管扩张,,,,,
肿瘤科,葡萄状肉瘤、鳞状细胞癌、喉癌、胰多肽瘤、骨软骨瘤、升主动脉瘤、小肠肿瘤、囊状淋巴管瘤、软骨粘液样纤维瘤、气管肿瘤、转移性骨肿瘤、牙龈癌、海绵状淋巴管瘤、皮脂腺癌、睑板腺癌、畸胎瘤、涎腺囊肿、肾母细胞瘤、滑膜肉瘤、贲门癌、星形细胞瘤、枕叶肿瘤、颅内动脉瘤、神经鞘瘤、纤维肉瘤、听神经瘤、大肠腺瘤、神经母细胞瘤、恶性淋巴瘤、骨化性纤维瘤、皮肤纤维瘤、类癌综合征、肝腺瘤、脊索瘤、肾盂癌、神经纤维肉瘤、基底细胞癌、脂肪瘤、中耳癌、视神经胶质瘤、恶性黑素瘤、腹膜后肿瘤、骨巨细胞瘤、淋巴管瘤、角化棘皮瘤、主动脉瘤、基底细胞腺瘤、脂肪肉瘤、网状细胞肉瘤、骨外骨肉瘤、颅咽管瘤、骨肿瘤、神经纤维瘤病、中心性软骨肉瘤、血管球瘤、脑胶质瘤、外阴癌、软组织肉瘤、软腭癌、平滑肌瘤、混合瘤、纵隔肿瘤、脂溢性角化病、阴道癌、眼眶肿瘤、涎腺癌、腺样囊性癌、血管内皮瘤、外耳道乳头状瘤、食管平滑肌瘤、膀胱癌、颞叶肿瘤、食管癌、胰岛素瘤、血管母细胞瘤、非霍奇金淋巴瘤、胃肠道癌、腱鞘巨细胞瘤、侧脑室肿瘤、骨嗜酸性肉芽肿、原发性骨淋巴瘤、涎腺混合瘤、卵巢肿瘤、上颌窦癌、第三脑室肿瘤、腺泡细胞癌、平滑肌肉瘤、绒毛膜癌、前列腺癌、腺淋巴瘤、骨膜性软骨肉瘤、腺瘤、肛管癌、恶性葡萄胎、动脉瘤、淋巴管肉瘤、胰腺癌、骶尾部畸胎瘤、舌癌、骨肉瘤、阑尾类癌、胆管癌、癌性疼痛、宫颈癌、软骨母细胞瘤、粘液表皮样癌、脊髓肿瘤、软骨瘤、卡波西肉瘤、胶质细胞瘤、软骨肉瘤、浆细胞瘤、血管脂肪瘤、肾细胞癌、软组织肿瘤、黑色素瘤、肾胚胎瘤、骨血管瘤、睾丸肿瘤、阴茎癌、肺转移瘤、子宫恶性肿瘤、骨母细胞瘤、软纤维瘤、脑膜瘤、颅内肿瘤、恶性纤维组织细胞瘤、滋养细胞肿瘤、皮肤癌、肝肿瘤、纤维瘤病、女性尿道癌、鼻咽癌、肺部良性肿瘤、直肠癌、炎性乳腺癌、甲状腺癌、口腔癌、尿道癌、神经纤维瘤、散发性甲状腺肿、横纹肌肉瘤,,,,,
妇科,女性尿道癌、葡萄状肉瘤、外阴软纤维瘤、盆腔脓肿、外阴脂肪瘤、乳腺腺病、输卵管结核、前庭大腺癌、出血性输卵管炎、子宫内膜息肉、胎漏、阴吹、功能失调性子宫出血病、妊娠恶阻、宫外孕、外阴神经纤维瘤、卵巢冠囊肿、外阴表皮内瘤变、羊水过少、宫颈外翻、阴道腺癌、膀胱瘘、产力、外阴毛囊炎、外阴平滑肌肉瘤、卵巢成熟畸胎瘤、卵巢过度刺激综合征、妊娠合并宫颈癌、外阴腺鳞癌、破水、乳腺导管扩张症、滴虫性阴道炎、卵巢无性细胞瘤、女性性高潮障碍、子宫脱垂、子宫内翻、黄体囊肿、子宫颈平滑肌瘤、输尿管结石、阴茎硬结症、处女膜闭锁、产后虚脱、阴道鳞状上皮癌、会阴裂伤、宫颈炎、子宫内膜结核、崩漏、宫颈浸润癌、自然流产、阴道壁息肉、外阴汗管瘤、高泌乳素血症、输卵管积水、阴疮、肩难产、外阴纤维肉瘤、继发性痛经、阴道白斑、功血、经前期综合征、原发性输卵管癌、生殖道肿瘤、阴挺、原发性痛经、羊水栓塞、卵巢妊娠、先天性无阴道、排卵期、输卵管炎、积乳囊肿、月经不调、过敏性阴道炎、外阴瘙痒、女性性早熟、子宫颈残端癌、阴道腺病、脐带异常、急性盆腔炎、晚期产后出血、毛滴虫病、外阴湿疹、青春期功能失调性子宫出血、盆腔炎、阴道横隔、阴道斜隔、外阴神经鞘瘤、卵巢破裂、卵巢早衰、宫颈糜烂、阴道血吸虫病、外阴转移性癌、外阴黑色素瘤、卵巢颗粒细胞瘤、产痛、麦格综合征、慢性盆腔炎、女性生殖道多部位原发癌、老年性阴道炎、胎儿、急性宫颈炎、宫颈微小型浸润癌、后尿道瓣膜、外阴克罗恩病、单纯性乳腺增生症、结核性阴道炎、外阴结核、妊娠合并尖锐湿疣、外阴恶性淋巴瘤、直肠子宫内膜异位症、宫颈息肉、环状外阴炎、外阴神经性皮炎、卵巢黄体囊肿破裂、外阴色素痣、滋养细胞肿瘤、外阴卵黄囊瘤、产后出血、宫腔积脓、多囊卵巢综合征、阴道嗜血杆菌性阴道炎、直肠阴道瘘、婴幼儿阴道炎、双胎妊娠、痛经、阴道平滑肌肉瘤、外阴早期浸润性鳞癌、子宫内膜增生、外阴疣状癌、外阴溃疡、外阴上皮样肉瘤、卵泡囊肿、过期妊娠、卵巢炎、外阴乳头状瘤、慢性乳腺炎、卵巢未成熟畸胎瘤、盆腔淤血综合征、阴道子宫内膜间质肉瘤、阴道粒细胞肉瘤、外阴佩吉特病、附件炎、急性输卵管卵巢炎、三期梅毒、外阴淋巴管瘤、宫颈腺癌、子宫肥大、阴道恶性肿瘤、外阴瘙痒症、前置胎盘、绒毛膜癌、女性尖锐湿疣、外阴丹毒、外阴血管瘤、单纯性外阴炎、慢性盆腔疼痛、妊娠呕吐、前庭大腺囊肿、恶性葡萄胎、卵巢巧克力囊肿破裂、慢性子宫内膜炎、外阴滑膜肉瘤、外阴痛、外阴腺泡状软组织肉瘤、妊娠合并生殖器疱疹、输卵管妊娠、子宫内膜间质肉瘤、分娩、葡萄胎、羊水过多、会阴疝、外阴血管外皮细胞瘤、阴道炎、复发性卵巢恶性肿瘤、阿米巴性阴道炎、胎萎不长、绝经后骨质疏松、子宫收缩过强、子宫炎、宫颈白斑、盆腔结缔组织炎、产褥感染、慢性输卵管卵巢炎、阴道血管肉瘤、卵巢囊肿、外阴白色病变、尿道结石、复发性外阴阴道念珠菌病、怀孕、妊娠合并淋病、慢性输卵管炎、非淋菌性尿道炎、乳腺囊性增生病、阴道痉挛、卵巢交界性肿瘤、外阴基底细胞癌、产道异常、阴道上皮内瘤样变、卵巢纤维瘤、尿道肉阜、急性子宫内膜炎、盆腔腹膜炎、胎盘早剥、外阴癌、先天性卵巢发育不全、流产、外阴横纹肌肉瘤、阴道黑色素瘤、慢性宫颈炎、慢性附件炎、子宫颈肉瘤、急性输卵管炎、外阴疖病、性交疼痛、闭经、血热崩漏、前庭大腺炎、子宫收缩乏力、卵巢卵黄囊瘤、尿瘘、乳头溢液、原发性卵巢绒癌、急性附件炎、子宫恶性肿瘤、子宫内膜癌、外阴炎、女性尿瘘、卵巢癌、原发性阴道恶性淋巴瘤、妊娠合并梅毒、高催乳素血症、子宫内膜异位症、宫颈复发癌、阴道异物、子宫息肉、外阴前庭炎、难产、盆腔炎性肿块、子宫腺肌病、多胎妊娠、子宫平滑肌肉瘤、外阴隆凸性皮肤纤维肉瘤、细菌性阴道炎、绝经、外阴黏膜白斑、外阴浸润性鳞癌、子宫破裂、胎位异常、胎热、外阴恶性横纹肌样瘤、卵巢宫内膜样肿瘤、胎儿先天畸形、宫颈妊娠、外阴平滑肌瘤、生理期、阴道内胚窦瘤、不孕症、外阴肿瘤合并妊娠、外阴硬化性苔藓、子宫恶性中胚叶混合瘤、女性膀胱颈梗阻、代孕、霉菌性阴道炎、阴道毛滴虫病、围绝经期综合征、急性膀胱炎、宫颈上皮内瘤变、阴道横纹肌肉瘤、阴道前壁膨出、宫颈癌、前置血管、外阴纤维瘤、阴道恶性苗勒管混合瘤、乳头状汗腺腺瘤、乳腺炎,,,,,
产科,宫外孕、自然流产、子宫复旧不全、妊娠纹、妊娠合并糖尿病、胎儿、产力、妊娠合并缺铁性贫血、破水、妊娠合并淋巴瘤、妊娠合并癫痫、妊娠合并再生障碍性贫血、会阴裂伤、产褥中暑、妊娠合并特发性血小板减少性紫癜、妊娠瘙痒性荨麻疹性丘疹及斑块病、肩难产、剖腹产、妊娠期急性肾功能衰竭、异位妊娠、羊水栓塞、卵巢妊娠、巨大胎儿、妊娠合并肾病综合征、产痛、妊娠合并急性肾盂肾炎、多胎、横位难产、妊娠合并急性阑尾炎、胎儿生长受限、胎膜早破、羊膜腔感染综合征、妊娠合并尖锐湿疣、妊娠合并肝硬化、妊娠合并多囊肾、脐带打结、臀先露、臀位难产、母儿abo血型不合、腹腔妊娠、妊娠合并甲亢、产后出血、妊娠合并病毒性肝炎、妊娠高血压综合征、妊娠合并风湿性心脏病、妊娠合并梅毒、初乳、rh血型不合、过期妊娠、妊娠合并哮喘、妊娠期糖尿病、产后虚脱、妊娠合并肠梗阻、妊娠合并肺炎、早产、妊娠合并动脉导管未闭、产科休克、妊娠合并生殖器疱疹、妊娠合并卵巢肿瘤、妊娠合并急性胰腺炎、子宫收缩过强、子宫破裂、妊娠合并肺结核、怀孕、妊娠合并淋病、妊娠期心脏病、妊娠合并急性胆囊炎、晚期产后出血、双胎妊娠、流产、妊娠舞蹈病、妊娠痒疹、脐带异常、脐带脱垂、妊娠合并子宫肌瘤、产瘤、妊娠合并白血病、死胎、早孕反应、多胎妊娠、围生期心肌病、胎位异常、胎儿先天畸形、宫颈妊娠、羊膜带综合征、妊娠期急性脂肪肝、妊娠疱疹、妊娠合并甲状腺功能减退、妊娠合并系统性红斑狼疮、妊娠合并甲状腺功能亢进、产道异常、持续性输卵管妊娠、代孕、子宫收缩乏力、妊高征、前置血管,,,,,
儿科,小儿慢性胃炎、小儿病毒性心肌炎、婴儿痉挛症、糖原累积病、结节性硬化、新生儿破伤风、苯丙酮尿症、小儿脑性瘫痪、小儿直肠脱垂、新生儿呼吸窘迫综合征、新生儿湿肺、新生儿溶血病、维生素a缺乏病、小儿再生障碍性贫血、小儿烧伤、新生儿肺炎、新生儿惊厥、朗格汉斯细胞组织细胞增生症、新生儿泪囊炎、小儿肾病综合征、新生儿脓疱病、新生儿低钙血症、疝气、尿布疹、维生素d中毒症、幼儿急疹、弱智、小儿急性喉炎、小儿支气管肺炎、小儿急性偏瘫、迪格奥尔格综合征、小儿急性支气管炎、锌缺乏病、先天性风疹综合征、新生儿颅内出血、小儿急性淋巴细胞性白血病、小儿急性肾功能衰竭、脐膨出、小儿心肌炎、新生儿窒息、母乳性黄疸、槭糖尿病、新生儿黄疸、小儿肺炎、新生儿硬肿症、腹裂、新生儿化脓性脑膜炎、新生儿呕吐、小儿多动症、新生儿持续性肺动脉高压、新生儿衣原体感染、早产儿、新生儿发热、小儿结核性脑膜炎、同型胱氨酸尿症、小儿先天性巨结肠、婴儿玫瑰疹、新生儿缺氧缺血性脑病、新生儿低血糖症、小儿消化性溃疡、胎儿宫内窘迫、婴幼儿阴道炎、过期产儿、小儿肠套叠、新生儿失血性贫血、先天性胆道闭锁、新生儿坏死性小肠结肠炎、幼年型类风湿性关节炎、先天性风疹、小儿急性阑尾炎、缺血缺氧性脑病、川崎病、小儿营养不良、维生素b1缺乏病、婴儿猝死综合征、先天性肌强直、吞气症、青春期发育迟缓、手足口病、小儿尿道下裂、小儿癫痫、儿童孤独症、小儿厌食症、小儿支原体肺炎、小儿肺不张、双胎输血综合征、小儿白血病、暴痢、新生儿皮下坏疽、新生儿肝炎、先天性梅毒、小儿腹股沟斜疝、儿童遗尿症、新生儿肝炎综合征、婴幼儿腹泻、婴儿肠痉挛、重症联合免疫缺陷、新生儿生理性黄疸、维生素c缺乏病、小儿高血压、何杰金病、新生儿呼吸暂停、小儿糖尿病、幼年息肉、溶血尿毒综合征、小儿脑瘫、小儿特发性血小板减少性紫癜、儿童精神分裂症、新生儿败血症、小儿过敏性紫癜、小儿消化道出血、足月小样儿、小儿脓胸、小儿原发性肾病综合征、小儿缺铁性贫血、早产儿视网膜病变、小儿充血性心力衰竭、新生儿abo溶血病、小儿风湿热、小儿惊厥、胎粪性便秘、高危儿、小儿麻痹症、脐炎、小儿急性胰腺炎、小儿急性上呼吸道感染、小儿支气管哮喘、小儿尿路感染、新生儿流行性腹泻、小儿便秘,,,,,
眼科,眼球内陷、葡萄膜恶性黑色素瘤、原发性慢性闭角型青光眼、弱视、眼眶肌炎、卡他性结膜炎、泪腺多形性腺癌、溢泪症、眼眶横纹肌肉瘤、眼眶脓肿、角膜基质炎、新生儿生理性黄疸、泪囊肿瘤、原发性青少年型青光眼、微小度数斜视、眼烧伤、虹膜角膜内皮综合征、眼眶皮样囊肿、视束病变、先天性白内障、暴露性角膜炎、急性后部多灶性鳞状色素上皮病变、眼眶内静脉曲张、家族性渗出性玻璃体视网膜病变、急性视网膜色素上皮炎、低眼压性青光眼、眼眶神经鞘瘤、晶状体蛋白过敏性青光眼、外伤性白内障、眼眶肿瘤、脉络膜脱离、黄斑囊样水肿、虹膜黑色素瘤、泪腺炎、眶内海绵状血管瘤、眼眶血管外皮瘤、玻璃体疝、外层渗出性视网膜病变、真菌性巩膜炎、新生血管性青光眼、化脓性角膜炎、睑外翻、胬肉攀睛、视盘水肿、角膜软化症、浅层点状角膜炎、睫状体黑色素瘤、获得性视网膜劈裂、周期性动眼神经麻痹、视交叉病变、眼肌麻痹性偏头痛、共同性斜视、隐斜视、近视眼、慢性闭角型青光眼、视网膜静脉阻塞、放射性视网膜病变、红眼病、恒定性外斜视、中毒性白内障、脉络膜缺血、并发症白内障、特发性葡萄膜大脑炎、脉络膜炎、脉络膜新生血管、非结核分枝杆菌性角膜炎、回旋状脉络膜视网膜萎缩、老年性黄斑变性、匐行性脉络膜炎、淋菌性结膜炎、结核性巩膜炎、斜视、永存原始玻璃体增生症、棘阿米巴性巩膜炎、脉络膜病变、fuchs角膜内皮营养不良、眼眶血肿、铜绿假单胞菌性角膜炎、海绵窦血栓、先天性眼球震颤、春季结膜炎、基底细胞瘤、甲状腺相关眼病、单眼双上转肌麻痹、神经源性角膜炎、鸟枪弹样视网膜脉络膜病变、沙眼、眼部神经纤维瘤病、交感性眼炎、老视、视神经炎、眼眶非霍奇金恶性淋巴肿瘤、角膜擦伤、眶骨髓炎、眶上神经痛、眼眶炎性假瘤、带状疱疹性角膜炎、先天性青光眼、眼内转移性肿瘤、慢性泪囊炎、梅毒性葡萄膜炎、翼状胬肉、婴幼儿型内斜视、眼睑皮脂腺癌、原发性急性闭角型青光眼、火眼、脉络膜出血、角膜鳞状细胞癌、小儿重症肌无力、新生儿衣原体感染、眼睑皮肤弛缓症、眶周色素沉着、单纯疱疹病毒性角膜炎、视网膜后膜、蚕蚀性角膜溃疡、眼丹、泡性角结膜炎、年龄相关性白内障、糖尿病性视网膜病变、干燥性角结膜炎、霰粒肿、共同性外斜视、基质性角膜炎、葡萄膜炎、屈光参差、眶底骨折、眼球后退综合征、色素性静脉旁视网膜脉络膜萎缩、少年儿童葡萄膜炎、眼眶骨膜炎、急性视网膜坏死综合征、椒疮、急性泪囊炎、绿脓杆菌性角膜溃疡、赤膜下垂、原发性婴幼儿型青光眼、眼外肌猪囊尾蚴病、眼内异物、颈动脉海绵窦瘘、青光眼睫状体炎综合征、梅毒性巩膜炎、视瞻昏渺、眼球震颤阻滞综合征、急性共同性斜视、恶性黑色素瘤、behcet病、增生性玻璃体视网膜病变、球后视神经炎、巨大裂孔性视网膜脱离、眼部带状疱疹、小儿视网膜母细胞瘤、屈光不正、缺血性视盘病变、双眼上斜肌麻痹、膜性结膜炎、慢性泪腺炎、辐射性白内障、角膜病、爆裂性眼眶骨折、无晶状体眼、眼外肌广泛纤维化综合征、眼眶转移性肿瘤、圆锥角膜、卵黄状黄斑营养不良、眼眶淋巴管瘤、先天性视网膜劈裂症、高眼压症、分泌过多性青光眼、眼部毛细血管瘤、无脉络膜症、眼眶脂肪瘤、视神经胶质瘤、睑板腺癌、维生素a缺乏病、新生儿泪囊炎、多灶性脉络膜炎伴全葡萄膜炎、点状内层脉络膜病变、巩膜炎、小儿神经母细胞瘤、泪液分泌过多、代谢性白内障、多发性一过性白点综合征、巨乳头性结膜炎、先天性无虹膜、炎症相关性青光眼、重瞳、pancoast综合征、急性出血性结膜炎、视网膜动脉阻塞、眼眶骨瘤、开角型青光眼、前房积血、眼外肌发育不全、血影细胞性青光眼、远视眼、化脓性眼内炎、脉络膜骨瘤、terson综合征、格子状角膜营养不良、stargardt病、视网膜静脉周围炎、上斜肌腱鞘综合征、血灌瞳神、脉络膜脱离型视网膜脱离、视网膜色素变性、细菌性角膜炎、金黄色葡萄球菌性边缘性角膜炎、包涵体性结膜炎、泪腺混合瘤、圆翳内障、皮下裂头蚴病、眼睑湿疹、虹膜色素痣、间歇性外斜视、反向斜视、真性小眼球、慢性卡他性结膜炎、急性泪腺炎、眼眶骨折、眼眶淀粉样变性、真菌性角膜炎、视盘炎、眼球运动障碍、眼睑带状疱疹、周期性内斜视、干眼、青光眼、剥脱综合征、kimura病、白睛溢血、眼眶黏液囊肿、眼弓蛔虫病、匐行性角膜溃疡、视网膜脱落、特发性息肉样脉络膜血管病变、疼痛性眼肌麻痹、视神经萎缩、红细胞增多症眼底、外隐斜、表层巩膜炎、良性淋巴上皮病、散光、眼眶内海绵状血管瘤、早产儿视网膜病变、风轮赤豆、小儿疳眼、流行性角结膜炎、远视、鲍恩病、晶状体相关葡萄膜炎、单眼双下转肌麻痹、中心性渗出性脉络膜视网膜病变、leber遗传性视神经病变、隐斜、固定性斜视、眼部猪囊尾蚴病、原发性视网膜色素变性、晶状体异位、正常眼压性青光眼、棘阿米巴性角膜炎、后发性白内障、绿色瘤、中央晕轮状脉络膜萎缩、后葡萄膜炎、特发性黄斑裂孔、干眼症、瘢痕性类天疱疮、泪囊炎、真菌性角膜溃疡、原发性开角型青光眼、泪腺多形性腺瘤、麻痹性斜视、内分泌性眼球突出、前庭神经炎、结核性葡萄膜炎、脉络膜血管瘤、视网膜母细胞瘤、流行性角膜结膜炎、恶性青光眼、麦粒肿、视网膜下纤维化和葡萄膜炎综合征、中间葡萄膜炎、睑球粘连、慢性进行性眼外肌麻痹、视网膜病变、玻璃体出血、眼球震颤、特发性黄斑部前膜、眼眶纤维肉瘤、原发性青光眼、蟹睛、变态反应性结膜炎、大泡性角膜病变、蚕食性角膜溃疡、睑板腺囊肿、角膜炎、脉络膜转移癌、搏动性眼球突出症、黄斑裂孔性视网膜脱离、中心性浆液性脉络膜视网膜病变、获得性视网膜大动脉瘤、眶骨膜下脓肿、角膜葡萄肿、化脓性葡萄膜炎、周边葡萄膜炎、异色性虹膜睫状体炎、白内障、眼球突出、眼眶静脉性血管瘤、压迫性视神经病变、增龄性黄斑变性、带状角膜病变、视网膜血管炎、结膜炎、雪盲、前葡萄膜炎、眼睑基底细胞癌、春季卡他性结膜炎、视神经病变、酒精性弱视、玻璃体混浊、先天性小眼球合并眼眶囊肿、睫状环阻滞性青光眼、眼眶蜂窝织炎、眼底血管样条纹、眶蜂窝织炎、眼球穿通伤、彼得异常、急性卡他性结膜炎、色素性青光眼、视网膜下新生血管膜、霜样树枝状视网膜血管炎、眼眶假瘤、弹性假黄瘤、缺血性视神经病变、上睑下垂、聚星障、玻璃体积血、色盲、老花眼、虹膜新生血管、晶状体溶解性青光眼、视网膜中央动脉阻塞、眼眶神经纤维瘤、脉络膜黑色素瘤、细菌性角膜溃疡、外阴白化病、中毒性弱视、虹膜睫状体炎、眼弓形体病、分离性垂直偏斜、视网膜中央静脉阻塞,,,,,
耳鼻喉科,慢性肥厚性鼻炎、慢性鼻窦炎、急性额窦炎、慢性舌扁桃体炎、扁桃体炎、慢性蝶窦炎、先天性耳聋、晕动病、鼻窦炎、咽肌麻痹、鼓室硬化症、枯草热、咽鼓管异常开放症、突发性聋、鼻前庭炎、链球菌性咽炎、慢性喉炎、急性乳突炎、慢性咽炎、耳后骨膜下脓肿、乳突炎、急性蝶窦炎、中耳炎、咽旁脓肿、外耳道真菌病、慢性鼻炎、急性单纯性咽炎、喉部创伤、先天性喉喘鸣、喉炎、外耳湿疹、嗅觉障碍、上颌窦炎、茎突综合征、急性鼻窦炎、急性鼻炎、咽囊炎、弥漫性外耳道炎、慢性单纯性鼻炎、鼻中隔脓肿、慢性单纯性咽炎、鼻咽炎、先天性后鼻孔闭锁、咽后脓肿、鼻炎、听神经鞘瘤、鼻出血、迷路震荡、爆震性耳聋、甲状舌囊肿及瘘管、萎缩性鼻炎、过敏性鼻炎、喉气囊肿、急性筛窦炎、萎缩性咽炎、慢性乳突炎、喉阻塞、鼻硬结病、先天性喉蹼、慢性扁桃体炎、大疱性鼓膜炎、咽角化症、慢性干燥性鼻炎、迷路炎、梅尼埃病、先天性喉裂、舌扁桃体炎、鼓膜穿孔、咽异感症、耵聍栓塞、奋森咽峡炎、鼻中隔偏曲、咽鼓管阻塞、美尼尔氏综合症、慢性化脓性中耳炎、咽肌痉挛、鼻中隔穿孔、慢性额窦炎、中耳气压伤、突发性耳聋、听力障碍、喉气管瘢痕性狭窄、急性上颌窦炎、外耳道炎、分泌性中耳炎、外耳道异物、鼻咽血管纤维瘤、药物性鼻炎、气管支气管异物、急性喉炎、急性扁桃体炎、膜迷路积水、急性化脓性中耳炎、扁桃体周围脓肿、干燥性鼻炎、食管异物、鼻瓣区狭窄、急性会厌炎、噪声性耳聋、嗜酸细胞增多性非变态反应性鼻炎、急性鼻咽炎、急性咽炎、位置性眩晕、咽部异物、常年性鼻炎、耳源性脑膜炎、老年性耳聋、鼻腔异物、乙状窦血栓性静脉炎、鼻中隔血肿、耳源性脑脓肿、鼻疖、干酪性鼻炎、外耳道疖肿、声带息肉、血管运动性鼻炎、慢性鼻咽炎、粘连性中耳炎、鳃裂瘘管、季节性鼻炎、鼻石、先天性声门下狭窄、耳真菌病,,,,,
口腔科,鳞状细胞癌、干槽症、腺样囊性癌、慢性上颌窦炎、眶下间隙感染、口腔毛滴虫病、接触性唇炎、口炎、慢性阻塞性腮腺炎、慢性扁桃体炎、慢性舌扁桃体炎、下颌下间隙感染、铅中毒、鳃裂囊肿和瘘管、小颌畸形综合征、颌骨骨折、慢性筛窦炎、药物性牙龈增生、涎腺囊肿、换牙、慢性颌下腺炎、咽肌麻痹、唇裂、剥脱性唇炎、鹅口疮、颌下间隙感染、癫痫性精神障碍、会厌炎、喉痹、乳头状囊腺瘤、慢性喉炎、小儿急性喉炎、慢性咽炎、先天性喉裂、舌扁桃体炎、口腔单纯性疱疹、毛舌、颞下颌关节强直、巨舌、胃类癌瘤、咬肌间隙感染、颌面部放线菌病、咽白喉、咽鼓管异常开放症、喉痈、小儿血管瘤、掉牙、肺水肿、咽部脊索瘤、悬雍垂过长症、先天性喉喘鸣、口糜、喉炎、咽鼓管阻塞、喉气囊肿、前牙深覆盖、口腔扁平苔藓、腭咽闭合不全、扁桃体炎、口角炎、茎突综合征、咽囊炎、咽后脓肿、咽旁脓肿、牙列稀疏、新生儿单纯疱疹病毒感染、咽部异感症、牙龈癌、慢性单纯性咽炎、红斑、咽炎、舌下神经损伤、重舌、腮腺炎、口腔粘膜病、牙隐裂、釉质发育不全、天疱疮、脑胶质瘤、黑舌、软腭癌、颏下间隙感染、创伤性溃疡、口臭、牙周病、喉喑、急性扁桃体炎、龋齿、翼下颌间隙感染、青少年牙周炎、氟牙症、急性单纯性咽炎、咽峡炎、丑胎、食物过敏性哮喘、楔状缺损、萎缩性咽炎、沙眼衣原体肺炎、咽旁间隙感染、单纯性牙周炎、腭裂、梅核气、喉阻塞、颞下颌关节紊乱综合征、甲醇中毒、颌骨囊肿、根尖周病、咽角化症、噎膈、热哮、唇疱疹、口底多间隙感染、口吃、口周湿疹、口腔颌面部软组织损伤、涎腺混合瘤、口腔溃疡、上颌窦癌、表皮囊肿、磨损、咽部乳头状瘤、腺泡细胞癌、颌骨癌、急性颌骨骨髓炎、开合、腺性唇炎、腺淋巴瘤、奋森咽峡炎、上颌前突、急性会厌炎、舌下腺囊肿、牙周萎缩、涎瘘、膜性口炎、四环素牙、口腔白斑病、腮腺混合瘤、地图舌、下颌后缩、肉芽肿性唇炎、齿状突发育畸形、牙齿感觉过敏症、咽肌痉挛、黑色棘皮症、胎儿宫内窘迫、双颌前突、肥大性龈炎、上颌后缩、乳汁吸入性肺炎、浆细胞性唇炎、舌扁平苔藓、急性化脓性腮腺炎、牙髓病、突发性聋、上颌窦后鼻孔息肉、急性舌扁桃体炎、毛状白斑、牙外伤、涎腺结核、心火上炎、急性喉炎、巨细胞病毒病、智齿冠周炎、边缘性龈炎、锁合、涎腺癌、甲状舌管囊肿、咽后间隙感染、基底细胞腺瘤、舌咽神经损伤、化脓性腮腺炎、嗜酸性腺瘤、扁桃体周围脓肿、言语和语言发育障碍、锁喉痈、喉疮、唇风、涎石病、小儿软组织肉瘤、创伤性口炎、链球菌性咽炎、颞下颌关节脱位、口腔念珠菌病、颌周蜂窝织炎、外阴疣状黄瘤、慢性化脓性腮腺炎、颧骨骨折、牙列拥挤、颊间隙感染、口周皮炎、乳头状囊腺癌、舌下间隙感染、颌骨造釉细胞瘤、裂沟舌、颌骨骨髓炎、舌白斑、口腔黏膜白斑、舌癌、颜面部疖痈、喉部创伤、咽部异物、马牙、唇病、深覆合、上颌窦恶性肿瘤、舌骨骨折、氟骨症、颌下腺炎、扁平苔癣、颞间隙感染、颞下间隙感染、颌面部神经纤维瘤、牙折、颞骨岩部炎、舌病、声带息肉、先天性喉蹼、舌甲状腺、腺病毒性肺炎、口腔癌、坏死性龈口炎、先天性声门下狭窄、溃疡性皮肤结核,,,,,
男科,脱阳、急性非特异性睾丸炎、良性前列腺增生、不射精症、淋球菌感染、阴囊损伤、前列腺脓肿、气疝、精囊恶性肿瘤、慢性细菌性前列腺炎、无睾症、膀胱损伤、性障碍、肾髓质囊性病、增殖性红斑、阳强、男性尿道癌、老年人前列腺癌、阴茎前阴囊、男性不育症、急性细菌性前列腺炎、睾丸炎、细菌性前列腺炎、囊痈、尿道狭窄、包皮、多睾症、尿道下裂、阴茎异常勃起、尿精、膀胱脱垂、鲍温样丘疹病、血尿、包茎、附睾炎、白淫、阴囊湿疹、膀胱外翻、死精症、阴茎离断伤、隐睾、睾丸女性化、少精症、前列腺囊肿、嵌顿包茎、男性生殖器外伤、包皮阴茎头炎、男假两性畸形、尿道炎、精索静脉曲张、阴囊癌、急性附睾炎、阳痿、蹼状阴茎、尿道损伤、小阴茎、包皮龟头炎、丝虫病、前列腺癌、睾丸扭转、膀胱颈挛缩、先天性睾丸发育不全、男性乳房肥大症、睾丸损伤、筋痿、勃起功能障碍、前列腺炎、梗阻性尿路疾病、阴茎阴囊象皮肿、前列腺肉瘤、尿路梗阻、阴汗、重复阴茎、性欲亢进、阴茎扭转、附睾畸形、脱囊、克兰费尔特综合征、腹股沟疝、精囊结石、阴囊坏疽、包皮过长、阴茎折断、性交疼痛、男性生殖器畸形、龟头炎、早泄、睾丸淋巴瘤、睾丸肿瘤、阴茎癌、阴囊炎性癌、精囊囊肿、精囊炎、精索恶性肿瘤、阴茎结核疹、前列腺结石、遗精、阴茎纤维性海绵体炎、输精管堵塞、前列腺增生、水疝、尿道上裂、黄色肉芽肿性肾盂肾炎、真两性畸形、射精功能障碍、男性生殖系结核、前列腺痛、阴囊丝虫病、尿失禁、隐匿阴茎,,,,,
传染病科,血吸虫病、流行性斑疹伤寒、柯萨奇病毒感染、布氏杆菌病、流行性腮腺炎、假单胞菌感染、内脏利什曼病、地方性斑疹伤寒、罗阿丝虫病、黄热病、淋球菌感染、肉孢子虫病、巴贝虫病、日本血吸虫病、铜绿假单胞菌感染、埃博拉病毒病、类鼻疽、严重急性呼吸综合征、曲霉病、流行性出血性结膜炎、败血症、肝吸虫病、放线菌病、短膜壳绦虫病、登革出血热、类圆线虫病、戊型病毒性肝炎、肺鼠疫、战壕热、羊痘、链杆菌病、肺结核、足菌肿、鄂木斯克出血热、丁型病毒性肝炎、非洲锥虫病、咬伤、病毒性肝炎、猪带绦虫病、流行性乙型脑炎、巴尔通体病、寄生、回归热、牛带绦虫病、瘰疬性苔藓、恙虫病、猫抓病、异尖线虫病、巨细胞病毒病、狂犬病、汉坦病毒肺综合征、雅司病、冠状病毒感染、疟疾肾病、流行性脑脊髓膜炎、麻痹性痴呆、厌氧菌感染、单纯疱疹、支原体感染、甲型肝炎、传染性单核细胞增多症、布氏菌病、盘尾丝虫病、库鲁病、立氏立克次体斑疹热、皮肤幼虫移行症、兔热病、鹦鹉热、黑热病、皮下裂头蚴病、尾蚴性皮炎、副球孢子菌病、淋巴丝虫病、丝虫病、森林脑炎、布鲁氏菌病、莱姆病、出血热、囊虫病、亚急性硬化性全脑炎、皮肤炭疽、副伤寒、伤寒、乙肝、天花、急性播散性脑脊髓炎、链球菌感染、肺吸虫病、单纯疱疹性脑炎、寄生虫病、裂谷热、肠结核、华支睾吸虫病、猩红热、肺炎球菌脑膜炎、涎腺结核、钩虫病、q热、病毒性出血热、口蹄病、弓形虫病、锥虫病、组织胞浆菌病、麻风病、芽生菌病、腺病毒感染、颚口线虫病、白蛉热、包虫病、布鲁菌病、球孢子菌病、禽流感、阴虱病、登革热、肺炭疽、钩端螺旋体病、艾滋病、甲型h1n1流感、弯曲菌肠炎、隐球菌病、散发性脑炎、念珠菌病、弓形体病、葡萄球菌感染、裂头绦虫病、细菌性痢疾、利斯特菌病、eb病毒感染、阿根廷出血热、炭疽病、寻常狼疮、鼠咬热、丙型病毒性肝炎、肝棘球蚴病、流行性感冒、细粒棘球蚴病、旋毛虫病、获得性免疫缺陷综合征、皮肤阿米巴病、气性坏疽病、拉沙热、肝结核、流行性出血热,,,,,
皮肤科,指节垫、先天性血管瘤、苔藓样结核疹、疣状表皮发育不良、结节性血管炎、新生儿暂时性脓疱性黑变病、化脓性肉芽肿、肾上腺皮质功能减退症、幼年型类天疱疮、婴儿腹部远心性脂肪营养不良、大疱性表皮松解、粟疮、痒点、痒性紫癜、激素依赖性皮炎、原发性皮肤免疫细胞瘤、马拉色菌病、恶性雀斑样痣、肉芽肿性松弛皮肤、口蹄疫、毛囊性鱼鳞病、冷球蛋白血症、瘢痕疙瘩、瘰疬性苔藓、斑状白化病、焦油性黑变病、雅司病、面游风、皮脂腺增生、手足癣、高渗性非酮症糖尿病昏迷、幼年黑素瘤、着色芽生菌病、继发性系统性淀粉样变、气瘤、芽生菌病样脓皮病、原发性肾上腺皮质功能减退症、镰刀菌病、赤白游风、带状疱疹、肉芽肿性唇炎、色素性化妆品皮炎、川崎病、须疮、皮肌炎、小棘毛壅病、雀斑、老年性皮肤萎缩、蝎螫伤、潮热、螨皮炎、疣、家族性进行性色素沉着、异位性皮炎、药物性皮炎、外源性光感性皮炎、胆碱能性荨麻疹、麻疹样红斑、油性肉芽肿、血风疮、皮肤淋巴细胞浸润症、巨人症与肢端肥大症、疖、藏毛囊肿、神经性皮炎、脱发、手足皲裂、水疱性远端指炎、蓝痣、脑膜炎球菌血症、环状红斑、结节性脂肪坏死、茶毛虫皮炎、硬化性脂肪肉芽肿、皮肤白喉、棘突滑囊炎、变应性皮肤血管炎、丹毒、潜伏梅毒、臭汗症、糠秕孢子菌毛囊炎、丘疹性荨麻疹、淋巴瘤样肉芽肿、癣菌疹、持久性色素异常性红斑、水母皮炎、鼠咬热、新生儿寒冷损伤综合征、葡萄球菌性烫伤样皮肤综合征、龟分枝杆菌感染、蛙粪霉病、血管内大b细胞淋巴瘤、透明丝孢霉病、着色性干皮病、嗜酸性筋膜炎、小儿烧伤、高胡萝卜素血症、先天性毛细血管扩张性大理石样皮肤、疱疹样皮炎、线状iga大疱性皮肤病、人工性荨麻疹、光线性弹力纤维病、单纯性疱疹、副牛痘、丹痧、乳房湿疹、甲沟炎、猴痘、bazin硬红斑、寻常痤疮、皮肤过敏、妊娠合并特发性血小板减少性紫癜、烧伤、天花、血管瘤、寻常疣、手癣、猫眼疮、红细胞生成性原卟啉病、皮肤恶性黑色素瘤、秃头、胎毒、纤维毛囊瘤、接触性皮炎、皮角、放射性皮炎、大头瘟、寒冷性红斑、结缔组织痣、孢子丝菌病、皮肤利什曼病、黄褐斑、whitfield硬红斑、松毛虫皮炎、红斑、原发性皮肤b细胞淋巴瘤、皮肤发育不良、小儿烫伤、扁平疣、胰高糖素瘤综合征、结节性筋膜炎、脚气、非典型麻疹综合征、皮样囊肿、剥脱性角质松解症、脓疱疮、淀粉样变病、多毛症、狐臭、皮脂腺痣、品他病、褥疮、浸淫疮、人乳头瘤病毒感染、脚癣、冻疮、金疮、盘状红斑狼疮、传染性软疣、跖疣、皮肤病、甲真菌病、牛痘、花斑癣、胫前黏液水肿、皮炎、疱疹样湿疹、斑秃、新生儿皮下坏疽、传染性单核细胞增多、硬皮病、皮肌炎与多发性肌炎、强碱类中毒、色素痣、种痘并发症、颗粒细胞瘤、化妆品皮炎、麻风病、黑色素瘤、异物肉芽肿、成人硬肿症、腹股沟肉芽肿、斯蒂尔病、酒渣鼻、色素性紫癜性苔藓样皮炎、原发性系统性淀粉样变、高免疫球蛋白e综合征、着色真菌病、一期梅毒、慢性荨麻疹、医源性多毛症、皮肤癌、千日疮、皮肤念珠菌病、发物、多中心性网状组织细胞增生症、玫瑰糠疹、日光性荨麻疹、蜂螫伤、毛发上皮瘤、硬红斑、摩擦性苔藓样疹、荚膜组织胞浆菌病、小螺菌感染、流行性斑疹伤寒、职业性痤疮、掌跖脓疱病、头癣、皮肤猪囊尾蚴病、荨麻疹性血管炎、脉痹、核黄素缺乏病、血管角化瘤、卟啉病、中毒性红斑、多汗症、幼年型皮肌炎、发疹性毳毛囊肿、痤疮、脓疱病、扩张孔、太田痣、窝状角质松解症、过敏性血管炎、结节性痒疹、皮肤平滑肌瘤、红皮病、羊痘、结节性红斑、天疱疮、摩擦黑变病、副银屑病、外伤性脂肪坏死、体癣、紫癜、寻常性鱼鳞病、软纤维瘤、皮肤神经瘤、尿布皮炎、新生儿abo溶血病、萎缩纹、婴儿肢端脓疱病、皮肤行为症、晕痣、迟发性皮肤卟啉病、水蛭咬伤、自体敏感性湿疹、鳞状毛囊角化病、痧子、绦虫病、黄瘤、慢性黏膜皮肤念珠菌病、老年人缺铁性贫血、痱子、深脓疱病、杜波组织胞浆菌病、大疱性类天疱疮、荨麻疹和血管性水肿、痒疹、立克次体病、立克次体痘、皮肤卟啉病、烟酸缺乏、晒伤、气球状细胞痣、溃疡分枝杆菌感染、皮下脂膜炎性t细胞淋巴瘤、原发性限局性皮肤淀粉样变、皮肤炭疽、单纯糠疹、皮肤松垂、银屑病、变应性血管炎、巨细胞病毒感染、脓疱性细菌疹、老年斑、甲营养不良、毛发囊肿、色汗症、毛发红糠疹、虱病、卡波西水痘样疹、先天性巨大色素痣、遗传过敏性皮炎、口蹄病、新生儿脓疱病、瘙痒症、慢性乳头状溃疡性脓皮病、流注、小棘苔藓、毛囊炎、药疹、口周皮炎、老年人多器官功能衰竭、头皮糠疹、小汗腺痣、棘球蚴病、疱疹样脓疱病、脱屑性红皮病、聚合性痤疮、eb病毒感染、特发性滴状色素减少症、须癣、汗腺腺瘤、黑癣、粉刺样痣、疤痕、色素性荨麻疹、毛霉病、白化病、皮肤阿米巴病、股癣、风热疮、代偿性多汗症、黄水疮、固定性药疹、慢性湿疹、荨麻疹型药疹、幼儿急疹、漆疮、外阴湿疹、妊娠纹、亚急性湿疹、酸碱灼伤、急性湿疹、原发性皮肤淀粉样变性、纳尔逊综合征、蚊子叮咬、扁平苔藓、胎记、人为性皮炎、猩红热样红斑、明癣、皮肤白血病、新生儿皮下脂肪坏死、颜面复发性皮炎、红癣、叠瓦癣、疥疮、假性黑棘皮病、火激红斑、脓肿、鱼鳞病、赤游丹、细菌协同性坏疽、连续性肢端皮炎、硬化萎缩苔藓、黏膜白斑、马尔尼菲青霉病、板层状鱼鳞病、黄色瘤、肉芽肿、皮肤蝇蛆病、呼吸道合胞病毒感染、溶血性链球菌性坏疽、尖锐湿疣、日光性雀斑样痣、亚急性结节性游走性脂膜炎、接触性荨麻疹、单纯疱疹、尾蚴性皮炎、癣、鸡皮疙瘩、汗孔角化病、局限性硬皮病、急性蜂窝织炎、兔热病、多形性日光疹、皮肤瘙痒症、地霉菌病、毛囊角化病、痣、血小板减少性紫癜、传染性湿疹样皮炎、原发性皮肤结核综合征、传染性红斑、面颈部毛囊性红斑黑变病、炎症后黑变病、桑毛虫皮炎、蜂窝织炎、匐行疹、淋巴水肿、夏季皮炎、有头疽、急性荨麻疹、渗出性多形红斑、毛孢子菌病、鸡眼、锥虫病、色素失调症、牛皮癣、厚皮性骨膜病、发育不良痣、胞内分枝杆菌感染、湿疹、电灼伤、接合菌病、灰指甲、无汗症、虫咬皮炎、脂溢性皮炎、凉燥、皮肤囊肿、皮肤癣菌病、蕈样真菌病、荨麻疹、牛痘样水疱病、恶性蓝痣、毛鞘棘皮瘤、伤口肉毒症、汗管瘤、白癜风、肥大性骨关节病、类丹毒、老年褥疮、奶癣、水疥、多形红斑、背痈,,,,,
性病科,淋病、生殖器疱疹、阴部鲍恩样丘疹病、尖锐湿疣、软下疳、性病性淋巴肉芽肿、二期梅毒、潜伏梅毒、三期梅毒、腹股沟肉芽肿、一期梅毒、梅毒肾病、梅毒、生殖器念珠菌病、梅毒性巩膜炎,,,,,
肝病科,肝炎、乙型肝炎、肝肾综合征、原发性肝癌、暴发性肝功能衰竭、脂肪肝、肝硬化、甲型病毒性肝炎、肝性脑病、肝结核、阿米巴肝脓肿、肝脏血管瘤、妊娠合并病毒性肝炎,,,,,
精神心理科,急性妄想发作、寄生虫妄想、创伤后应激障碍、窥阴癖、强迫症、情感障碍、自闭症、恐怖症、性心理障碍、精神活性物质所致精神障碍、嗜睡症、神经性厌食症、惊恐症、人格障碍、恐怖性焦虑障碍、磨牙、抽动障碍、性变态、神经质、童年情绪障碍、恐艾症、变性、学习技能发育障碍、疑病症、妄想症、帕金森病性痴呆、转换性障碍、反社会人格障碍、精神发育迟缓、记忆障碍、分裂情感性障碍、小儿孤独症、恐缩症、广泛性焦虑障碍、恋物癖、犯罪心理、躯体形式障碍、癔症、产后精神病、老年期抑郁障碍、癫痫性精神障碍、适应障碍、神经性贪食症、睡眠障碍、阿尔茨海默病性痴呆、偏执性精神障碍、阿尔茨海默病、性障碍、发作性睡病、脑外伤所致精神障碍、急性应激反应、偏执状态、癔球症、精神分裂症、强迫性障碍、偏执狂、谵妄综合征、躁狂症、多重人格、洁癖、抽动秽语综合征、精神障碍、性病神经症、品行障碍、抑郁症、疾病恐怖、躯体疾病伴发的精神障碍、焦虑症、意识障碍、神经发育迟滞、反应性精神病、注意缺陷障碍、露阴癖、阿斯伯格综合症、致死性家族性失眠症、遗忘综合征、精神发育迟滞、分裂情感性精神病、癫痫伴发的精神障碍、月经周期性精神病、皮肤行为症、晚睡强迫症,,,,,
中医科,做梦、内伤发热、血证、蚊子叮咬、宿醉、胆石、蜘蛛咬伤、颤证、耳疖、色素斑、粟疮、液脱、哕、肺风粉刺、脏寒、子喑、肋间神经痛、淋证、气臌、走哺、血劳、赤痢、痿病、妊娠恶阻、久疟、痧子、急淋、脏躁、痿证、肝著、嵌顿包茎、角膜葡萄肿、肠郁、肺衰、痰浊眩晕、积滞、玻璃体疝、啘、乳泣、湿阻、金疮、体质性低血压、肾疳、化脓性角膜炎、血灌瞳神、小肠实热、潮热、癫病、四肢不用、瞀瘛、脾疳、哮病、胎萎不长、兽咬伤、疫黄、肺热咳嗽、憩室病、乳发、痉病、膝关节骨性关节炎、视瞻昏渺、惊风、锁喉痈、苦夏、瘀证、痹证、流注、痰火、肿胀、凉燥、尿毒症昏迷、厥脱、虫证、夏季热、脑萎、小儿食积、关格、唇疱疹、煎厥、脉搏、温热、血气胸、热咳、狂病、伏暑、花柳病,,,,,
生殖健康科,结扎、前庭大腺炎、青春发育延迟及性幼稚、包皮龟头炎、近亲结婚、前置胎盘、阴茎癌、尿路感染、dna、先天性睾丸发育不全、染色体病、子宫腺肌病、精索恶性肿瘤、细菌性阴道炎、前列腺肉瘤、生殖器疱疹、先天性梅毒、生殖器念珠菌病、性欲亢进、肠病性肢端皮炎、男性不育症、避孕、真两性畸形、两性畸形、性冷淡、不孕症、返祖现象、阴囊癌、无睾症、克隆、先天性卵巢发育不全、多睾症、阴道腺病、不孕不育,,,,,
体检保健科,低镁血症、染色体异常、慢性疲劳综合症、色盲,,,,,
急诊科,煤气中毒、急性酒中毒、热射病、铋中毒、老年休克、电击伤、士的宁中毒、铅中毒、酸碱灼伤、马桑果中毒、水合氯醛中毒、高锰酸钾中毒、老年人低钾血症、蓖麻子中毒、木薯中毒、毒气中毒、休克、烧伤、氰化物中毒、葡萄球菌食物中毒、老年人急性左心衰竭、肾上腺素中毒、股动脉损伤、毒蕈中毒、肉毒中毒、氯气中毒、苯海拉明中毒、生豆浆中毒、体温过低、氨气中毒、铊中毒、奎宁中毒、锰中毒、半月板损伤、变形杆菌食物中毒、锑中毒、慢性铅中毒、水俣病、高血压性脑出血、苯中毒、杀虫脒中毒、砷中毒、老年期谵妄、高原肺水肿、产后出血、重金属中毒性肾病、光气中毒、挤压综合征、缢死、中毒、阿片类药物中毒、中暑衰竭、铍中毒、脱水、闭合性脊髓损伤、阿片中毒、氨基甲酸酯类农药中毒、副溶血性弧菌食物中毒、甲醇中毒、四氯化碳中毒、镍中毒、汽油中毒、镉中毒、食物中毒、淹溺、一氧化碳中毒、呼吸衰竭、杀鼠剂中毒、冻僵、乙醚中毒、锌中毒、硫化氢中毒、汞中毒、五氯酚钠中毒、阿米巴痢疾、高原脑水肿、农药中毒、气管支气管异物、急性高原病、老年跌倒、中暑、老年人脱水、神经型食物中毒、酒精中毒、颈椎骨折脱位、肺不张、钡中毒、二氧化硫中毒、曼陀罗中毒、磷中毒、损伤性休克、败血症、高钙血症、登革出血热、成人呼吸窘迫综合征、麻黄碱中毒、氯喹中毒、敌鼠中毒、鼻疽、中毒性休克综合征、高原适应不全症、呼吸道异物、二硫化碳中毒、发芽马铃薯中毒、乳酸性酸中毒、急性硫化氢中毒、毒蛇咬伤、强碱类中毒、胃肠型食物中毒、有机磷农药中毒、亚硝酸盐中毒,,,,,
老年科,老年痴呆、二尖瓣环钙化、慢性肺源性心脏病、慢性肾功能衰竭、脑血栓形成、远视眼、老年人睡眠障碍、呼吸衰竭、老年性阴道炎、动脉硬化、心肌梗塞、骨质疏松、骨关节炎、心律失常、功能性消化不良、糖尿病、脑栓塞、颈椎病、尿失禁、白内障、阻塞性肺气肿、老年期抑郁症,,,,,
营养科,维生素b1缺乏病、高镁血症、糖原贮积病、高脂血症、维生素a缺乏病、高钠血症、营养不良、缺铁性贫血、叶酸缺乏症、小儿营养不良、低镁血症、肠道菌群失调症、氨基酸代谢病、新生儿低钙血症、进行性肌营养不良症、维生素c缺乏病、恶性营养不良病、进行性脂肪营养不良、低钠血症、锌缺乏病、维生素d缺乏病,,,,,
,,,,,,
,,,,,,
,,,,,,
,,,,,,
,,,,,,
,,,,,,
,,,,,,
,,,,,,
,,,,,,
,,,,,,
,,,,,,
,,,,,,
,,,,,,
,,,,,,
,,,,,,
,,,,,,
,,,,,,
,,,,,,
,,,,,,
,,,,,,
,,,,,,
,,,,,,
,,,,,,
,,,,,,
,,,,,,
,,,,,,
,,,,,,
,,,,,,
,,,,,,
,,,,,,
,,,,,,
,,,,,,
,,,,,,
,,,,,,
,,,,,,
,,,,,,